/*Execute 2nd. Creates Tables with relations.
*/
Use Soccer

CREATE TABLE TEAM (
	TEAM_ID INT NOT NULL,
	TEAM_NAME VARCHAR(100) NOT NULL,
	TEAM_CITY VARCHAR(100) NOT NULL,
	TEAM_STATE VARCHAR(100) NOT NULL,
	TEAM_HEAD_COACH VARCHAR(100) NOT NULL,
	PRIMARY KEY(TEAM_ID)
);

INSERT INTO TEAM(TEAM_ID, TEAM_NAME, TEAM_CITY, TEAM_STATE, TEAM_HEAD_COACH)
VALUES(1, 'Angle City FC', 'Los Angeles', 'CA', 'Freya Coombe');

INSERT INTO TEAM(TEAM_ID, TEAM_NAME, TEAM_CITY, TEAM_STATE, TEAM_HEAD_COACH)
VALUES(2, 'San Diego Wave FC', 'San Diego', 'CA', 'Casey Stoney');

INSERT INTO TEAM(TEAM_ID, TEAM_NAME, TEAM_CITY, TEAM_STATE, TEAM_HEAD_COACH)
VALUES(3, 'Chicago Red Stars', 'Chicago', 'IL', 'Chris Petrucelli');

INSERT INTO TEAM(TEAM_ID, TEAM_NAME, TEAM_CITY, TEAM_STATE, TEAM_HEAD_COACH)
VALUES(4, 'Orlando Pride', 'Orlando', 'FL', 'Amanda Cromwell');

INSERT INTO TEAM(TEAM_ID, TEAM_NAME, TEAM_CITY, TEAM_STATE, TEAM_HEAD_COACH)
VALUES(5, 'OL Reign', 'Tacoma', 'WA', 'Laura Harvey');

INSERT INTO TEAM(TEAM_ID, TEAM_NAME, TEAM_CITY, TEAM_STATE, TEAM_HEAD_COACH)
VALUES(6, 'FC Cincinnati', 'Cincinnati', 'OH', 'Chris Albright');

INSERT INTO TEAM(TEAM_ID, TEAM_NAME, TEAM_CITY, TEAM_STATE, TEAM_HEAD_COACH)
VALUES(7, 'Columbus Crew', 'Columbus', 'OH', 'Caleb Porter');

INSERT INTO TEAM(TEAM_ID, TEAM_NAME, TEAM_CITY, TEAM_STATE, TEAM_HEAD_COACH)
VALUES(8, 'Minnesota United', 'Saint Paul', 'MN', 'Adrian Heath');

INSERT INTO TEAM(TEAM_ID, TEAM_NAME, TEAM_CITY, TEAM_STATE, TEAM_HEAD_COACH)
VALUES(9, 'Orlando City', 'Orlando', 'FL', 'Oscar Pareja');

INSERT INTO TEAM(TEAM_ID, TEAM_NAME, TEAM_CITY, TEAM_STATE, TEAM_HEAD_COACH)
VALUES(10, 'New York Red Bulls', 'Harrison', 'NJ', 'Gerhard Struber');

INSERT INTO TEAM(TEAM_ID, TEAM_NAME, TEAM_CITY, TEAM_STATE, TEAM_HEAD_COACH)
VALUES(11, 'Portland Thorns FC', 'Portlond', 'OR', 'Rhian Emilie Wilkinson');

INSERT INTO TEAM(TEAM_ID, TEAM_NAME, TEAM_CITY, TEAM_STATE, TEAM_HEAD_COACH)
VALUES(12, 'Racing Louisville FC', 'Louisville', 'KY', 'Lars Kim Bjoerkegren');

INSERT INTO TEAM(TEAM_ID, TEAM_NAME, TEAM_CITY, TEAM_STATE, TEAM_HEAD_COACH)
VALUES(13, 'Houston Dash', 'Houston', 'TX', 'James Clarkson');

INSERT INTO TEAM(TEAM_ID, TEAM_NAME, TEAM_CITY, TEAM_STATE, TEAM_HEAD_COACH)
VALUES(14, 'Kansas City Current', 'Kansas City', 'KS', 'Matthew James Potter');

CREATE TABLE ATHLETE (
	ATHLETE_ID INT NOT NULL,
	ATHLETE_FIRST_NAME VARCHAR(100) NOT NULL,
	ATHLETE_LAST_NAME VARCHAR(100) NOT NULL,
	ATHLETE_AGE INT NOT NULL,
	PRIMARY KEY(ATHLETE_ID)
);

INSERT INTO ATHLETE(ATHLETE_ID, ATHLETE_FIRST_NAME, ATHLETE_LAST_NAME, ATHLETE_AGE) 
VALUES(1, 'Christen', 'Press', 33);

INSERT INTO ATHLETE(ATHLETE_ID, ATHLETE_FIRST_NAME, ATHLETE_LAST_NAME, ATHLETE_AGE) 
VALUES(2, 'Alex', 'Morgan', 32);

INSERT INTO ATHLETE(ATHLETE_ID, ATHLETE_FIRST_NAME, ATHLETE_LAST_NAME, ATHLETE_AGE) 
VALUES(3, 'Mallory', 'Pugh', 23);

INSERT INTO ATHLETE(ATHLETE_ID, ATHLETE_FIRST_NAME, ATHLETE_LAST_NAME, ATHLETE_AGE) 
VALUES(4, 'Sydney', 'Leroux', 31);

INSERT INTO ATHLETE(ATHLETE_ID, ATHLETE_FIRST_NAME, ATHLETE_LAST_NAME, ATHLETE_AGE) 
VALUES(5, 'Rose', 'Lavelle', 26);

INSERT INTO ATHLETE(ATHLETE_ID, ATHLETE_FIRST_NAME, ATHLETE_LAST_NAME, ATHLETE_AGE) 
VALUES(6, 'Luciano', 'Acosta', 27);

INSERT INTO ATHLETE(ATHLETE_ID, ATHLETE_FIRST_NAME, ATHLETE_LAST_NAME, ATHLETE_AGE) 
VALUES(7, 'Jake', 'Morris', 23);

INSERT INTO ATHLETE(ATHLETE_ID, ATHLETE_FIRST_NAME, ATHLETE_LAST_NAME, ATHLETE_AGE) 
VALUES(8, 'Wil', 'Trapp', 29);

INSERT INTO ATHLETE(ATHLETE_ID, ATHLETE_FIRST_NAME, ATHLETE_LAST_NAME, ATHLETE_AGE) 
VALUES(9, 'Rodrigo', 'Schlegel', 25);

INSERT INTO ATHLETE(ATHLETE_ID, ATHLETE_FIRST_NAME, ATHLETE_LAST_NAME, ATHLETE_AGE) 
VALUES(10, 'Lewis', 'Morgan', 25);

CREATE TABLE TEAM_ROSTER (
	TEAM_ID INT NOT NULL,
	ATHLETE_ID INT NOT NULL,
	ATHLETE_CITY VARCHAR(100) NOT NULL,
	ATHLETE_STATE VARCHAR(100),
	ATHLETE_COUNTRY VARCHAR(100) NOT NULL,
	ATHLETE_POSITION VARCHAR(100) NOT NULL,
	ATHLETE_NUMBER INT NOT NULL,
	ATHLETE_HEIGHT VARCHAR(20) NOT NULL,
	ATHLETE_DOB VARCHAR(20) NOT NULL
	PRIMARY KEY(TEAM_ID),
	FOREIGN KEY (ATHLETE_ID) REFERENCES ATHLETE(ATHLETE_ID)
);

INSERT INTO TEAM_ROSTER(TEAM_ID, ATHLETE_ID, ATHLETE_CITY, ATHLETE_STATE, ATHLETE_COUNTRY, ATHLETE_POSITION,
ATHLETE_NUMBER, ATHLETE_HEIGHT, ATHLETE_DOB) VALUES (1,1, 'Los Angeles', 'CA', 'USA', 'Attacker', 23, '5 foot 6', '12/29/1988');

INSERT INTO TEAM_ROSTER(TEAM_ID, ATHLETE_ID, ATHLETE_CITY, ATHLETE_STATE, ATHLETE_COUNTRY, ATHLETE_POSITION,
ATHLETE_NUMBER, ATHLETE_HEIGHT, ATHLETE_DOB) VALUES (2,2, 'San Dimas', 'CA', 'USA', 'Attacker', 13, '5 foot 6', '7/2/1989');

INSERT INTO TEAM_ROSTER(TEAM_ID, ATHLETE_ID, ATHLETE_CITY, ATHLETE_STATE, ATHLETE_COUNTRY, ATHLETE_POSITION,
ATHLETE_NUMBER, ATHLETE_HEIGHT, ATHLETE_DOB) VALUES (3,3, 'Highlands Ranch', 'CA', 'USA', 'Attacker', 9, '5 foot 4', '4/29/1998');

INSERT INTO TEAM_ROSTER(TEAM_ID, ATHLETE_ID, ATHLETE_CITY, ATHLETE_COUNTRY, ATHLETE_POSITION,
ATHLETE_NUMBER, ATHLETE_HEIGHT, ATHLETE_DOB) VALUES (4,4, 'Surrey', 'Canada', 'Attacker', 2, '5 foot 6', '5/7/1990');

INSERT INTO TEAM_ROSTER(TEAM_ID, ATHLETE_ID, ATHLETE_CITY, ATHLETE_STATE, ATHLETE_COUNTRY, ATHLETE_POSITION,
ATHLETE_NUMBER, ATHLETE_HEIGHT, ATHLETE_DOB) VALUES (5,5, 'Cincinnati', 'OH', 'USA', 'Midfielder', 10, '5 foot 4', '5/14/1995');

INSERT INTO TEAM_ROSTER(TEAM_ID, ATHLETE_ID, ATHLETE_CITY, ATHLETE_COUNTRY, ATHLETE_POSITION,
ATHLETE_NUMBER, ATHLETE_HEIGHT, ATHLETE_DOB) VALUES (6,6, 'Buenos Aires', 'Argentina', 'Midfielder', 10, '5 foot 3', '5/31/1994');

INSERT INTO TEAM_ROSTER(TEAM_ID, ATHLETE_ID, ATHLETE_CITY, ATHLETE_STATE, ATHLETE_COUNTRY, ATHLETE_POSITION,
ATHLETE_NUMBER, ATHLETE_HEIGHT, ATHLETE_DOB) VALUES (7,7, 'Fort Lauderdale', 'FL', 'USA', 'Defender', 33, '6 foot 2', '3/3/1999');

INSERT INTO TEAM_ROSTER(TEAM_ID, ATHLETE_ID, ATHLETE_CITY, ATHLETE_STATE, ATHLETE_COUNTRY, ATHLETE_POSITION,
ATHLETE_NUMBER, ATHLETE_HEIGHT, ATHLETE_DOB) VALUES (8,8, 'Columbus', 'OH', 'USA', 'Midfielder', 20, '5 foot 8', '1/15/1993');

INSERT INTO TEAM_ROSTER(TEAM_ID, ATHLETE_ID, ATHLETE_CITY, ATHLETE_COUNTRY, ATHLETE_POSITION,
ATHLETE_NUMBER, ATHLETE_HEIGHT, ATHLETE_DOB) VALUES (9,9, 'Remedios de Escalada', 'Argentina', 'Attacker', 15, '6 foot 1', '4/3/1997');

INSERT INTO TEAM_ROSTER(TEAM_ID, ATHLETE_ID, ATHLETE_CITY, ATHLETE_COUNTRY, ATHLETE_POSITION,
ATHLETE_NUMBER, ATHLETE_HEIGHT, ATHLETE_DOB) VALUES (10,10, 'Greenock', 'United Kingdon', 'Wing', 10, '5 foot 10', '9/30/1996');


CREATE TABLE [STATS] (
	ATHLETE_ID INT NOT NULL,
	NUM_APPEARANCES INT NOT NULL,
	GOALS INT NOT NULL,
	ASSISTS INT NOT NULL,
	PRIMARY KEY(ATHLETE_ID)
);

INSERT INTO [STATS] (ATHLETE_ID, NUM_APPEARANCES, GOALS, ASSISTS)
VALUES (1,4, 1, 0);

INSERT INTO [STATS] (ATHLETE_ID, NUM_APPEARANCES, GOALS, ASSISTS)
VALUES (2,3, 2, 0);

INSERT INTO [STATS] (ATHLETE_ID, NUM_APPEARANCES, GOALS, ASSISTS)
VALUES (3, 4, 4, 0);

INSERT INTO [STATS] (ATHLETE_ID, NUM_APPEARANCES, GOALS, ASSISTS)
VALUES (4, 3, 0, 0);

INSERT INTO [STATS] (ATHLETE_ID, NUM_APPEARANCES, GOALS, ASSISTS)
VALUES (5, 3, 1, 1);

INSERT INTO [STATS] (ATHLETE_ID, NUM_APPEARANCES, GOALS, ASSISTS)
VALUES (6, 6, 1, 2);

INSERT INTO [STATS] (ATHLETE_ID, NUM_APPEARANCES, GOALS, ASSISTS)
VALUES (7, 3, 0, 0);

INSERT INTO [STATS] (ATHLETE_ID, NUM_APPEARANCES, GOALS, ASSISTS)
VALUES (8, 4, 0, 0);

INSERT INTO [STATS] (ATHLETE_ID, NUM_APPEARANCES, GOALS, ASSISTS)
VALUES (9, 5, 0, 0);

INSERT INTO [STATS] (ATHLETE_ID, NUM_APPEARANCES, GOALS, ASSISTS)
VALUES (10, 5, 3, 1);

CREATE TABLE SEASON_GAMES (
	GAME_ID INT NOT NULL,
	GAME_LOCATION VARCHAR(100) NOT NULL,
	SCORE VARCHAR(100) NOT NULL,
	HOME_TEAM_ID INT NOT NULL,
	AWAY_TEAM_ID INT NOT NULL,
	TOURNAMENT_NAME VARCHAR(100),
	GAME_DATE VARCHAR(100),
	PRIMARY KEY(GAME_ID)
);

INSERT INTO SEASON_GAMES (GAME_ID, GAME_LOCATION, SCORE, HOME_TEAM_ID, AWAY_TEAM_ID, TOURNAMENT_NAME, GAME_DATE)
VALUES (1, 'Seattle, Washington', '1-1', 5, 11, '2022 Challenge Cup', '3/18/2022');

INSERT INTO SEASON_GAMES (GAME_ID, GAME_LOCATION, SCORE, HOME_TEAM_ID, AWAY_TEAM_ID, TOURNAMENT_NAME, GAME_DATE)
VALUES (2, 'Fullerton, California', '1-3', 1, 5, '2022 Challenge Cup', '3/26/2022');

INSERT INTO SEASON_GAMES (GAME_ID, GAME_LOCATION, SCORE, HOME_TEAM_ID, AWAY_TEAM_ID, TOURNAMENT_NAME, GAME_DATE)
VALUES (3, 'Portland, Oregon', '1-0', 5, 1, '2022 Challenge Cup', '4/2/2022');

INSERT INTO SEASON_GAMES (GAME_ID, GAME_LOCATION, SCORE, HOME_TEAM_ID, AWAY_TEAM_ID, TOURNAMENT_NAME, GAME_DATE)
VALUES (4, 'Fullerton, California', '1-1', 1, 2, '2022 Challenge Cup', '3/19/2022');

INSERT INTO SEASON_GAMES (GAME_ID, GAME_LOCATION, SCORE, HOME_TEAM_ID, AWAY_TEAM_ID, TOURNAMENT_NAME, GAME_DATE)
VALUES (6, 'Portland, Oregon', '3-0', 11, 1, '2022 Challenge Cup', '3/30/2022');

INSERT INTO SEASON_GAMES (GAME_ID, GAME_LOCATION, SCORE, HOME_TEAM_ID, AWAY_TEAM_ID, TOURNAMENT_NAME, GAME_DATE)
VALUES (7, 'San Diego, California', '4-2', 2, 1, '2022 Challenge Cup', '4/2/2022');

INSERT INTO SEASON_GAMES (GAME_ID, GAME_LOCATION, SCORE, HOME_TEAM_ID, AWAY_TEAM_ID, TOURNAMENT_NAME, GAME_DATE)
VALUES (8, 'Bridgeview, Illinois', '1-2', 3, 14, '2022 Challenge Cup', '3/25/2022');

INSERT INTO SEASON_GAMES (GAME_ID, GAME_LOCATION, SCORE, HOME_TEAM_ID, AWAY_TEAM_ID, TOURNAMENT_NAME, GAME_DATE)
VALUES (9, 'Bridgeview, Illinois', '0-0', 3, 12, '2022 Challenge Cup', '3/30/2022');

INSERT INTO SEASON_GAMES (GAME_ID, GAME_LOCATION, SCORE, HOME_TEAM_ID, AWAY_TEAM_ID, TOURNAMENT_NAME, GAME_DATE)
VALUES (10, 'Bridgeview, Illinois', '2-0', 3, 13, '2022 Challenge Cup', '4/2/2022');

CREATE TABLE ATHLETE_GAME_STATS (
	ATHLETE_ID INT NOT NULL,
	GAME_ID INT NOT NULL,
	GAME_TIME INT NOT NULL,
	GOALS INT NOT NULL,
	ASSISTS INT NOT NULL,
	SHOTS INT NOT NULL,
	SHOTS_ON_GOAL INT NOT NULL,
	CORNER_KICKS INT NOT NULL,
	OFFSIDES INT NOT NULL,
	FOULS_COMMITTED INT NOT NULL,
	FOULS_SUSTAINED INT NOT NULL,
);

INSERT INTO ATHLETE_GAME_STATS (ATHLETE_ID, GAME_ID, GAME_TIME, GOALS, ASSISTS, SHOTS, SHOTS_ON_GOAL, CORNER_KICKS,
OFFSIDES, FOULS_COMMITTED,FOULS_SUSTAINED) VALUES (5, 1, 15, 0, 0, 0, 0, 0, 0, 1, 0);

INSERT INTO ATHLETE_GAME_STATS (ATHLETE_ID, GAME_ID, GAME_TIME, GOALS, ASSISTS, SHOTS, SHOTS_ON_GOAL, CORNER_KICKS,
OFFSIDES, FOULS_COMMITTED,FOULS_SUSTAINED) VALUES (5, 2, 60, 0, 1, 2, 1, 0, 0, 1, 0);

INSERT INTO ATHLETE_GAME_STATS (ATHLETE_ID, GAME_ID, GAME_TIME, GOALS, ASSISTS, SHOTS, SHOTS_ON_GOAL, CORNER_KICKS,
OFFSIDES, FOULS_COMMITTED,FOULS_SUSTAINED) VALUES (5, 3, 89, 1, 0, 1, 1, 0, 0, 0, 0);

INSERT INTO ATHLETE_GAME_STATS (ATHLETE_ID, GAME_ID, GAME_TIME, GOALS, ASSISTS, SHOTS, SHOTS_ON_GOAL, CORNER_KICKS,
OFFSIDES, FOULS_COMMITTED,FOULS_SUSTAINED) VALUES (1, 4, 90, 0, 0, 7, 4, 0, 0 , 0, 0);

INSERT INTO ATHLETE_GAME_STATS (ATHLETE_ID, GAME_ID, GAME_TIME, GOALS, ASSISTS, SHOTS, SHOTS_ON_GOAL, CORNER_KICKS,
OFFSIDES, FOULS_COMMITTED,FOULS_SUSTAINED) VALUES (1, 2, 88, 0, 0, 3, 1, 3, 0, 1, 0);

INSERT INTO ATHLETE_GAME_STATS (ATHLETE_ID, GAME_ID, GAME_TIME, GOALS, ASSISTS, SHOTS, SHOTS_ON_GOAL, CORNER_KICKS,
OFFSIDES, FOULS_COMMITTED,FOULS_SUSTAINED) VALUES (1, 6, 80, 0, 0, 5, 1, 4, 0, 0, 1);

INSERT INTO ATHLETE_GAME_STATS (ATHLETE_ID, GAME_ID, GAME_TIME, GOALS, ASSISTS, SHOTS, SHOTS_ON_GOAL, CORNER_KICKS,
OFFSIDES, FOULS_COMMITTED,FOULS_SUSTAINED) VALUES (1, 7, 90, 1, 0, 5, 3, 1, 0, 1, 0);

INSERT INTO ATHLETE_GAME_STATS (ATHLETE_ID, GAME_ID, GAME_TIME, GOALS, ASSISTS, SHOTS, SHOTS_ON_GOAL, CORNER_KICKS,
OFFSIDES, FOULS_COMMITTED,FOULS_SUSTAINED) VALUES (3, 8, 90, 1, 0, 5, 3, 1, 0, 1, 0);

INSERT INTO ATHLETE_GAME_STATS (ATHLETE_ID, GAME_ID, GAME_TIME, GOALS, ASSISTS, SHOTS, SHOTS_ON_GOAL, CORNER_KICKS,
OFFSIDES, FOULS_COMMITTED,FOULS_SUSTAINED) VALUES (3, 9, 70, 0, 0, 2, 0, 4, 0, 0, 1);

INSERT INTO ATHLETE_GAME_STATS (ATHLETE_ID, GAME_ID, GAME_TIME, GOALS, ASSISTS, SHOTS, SHOTS_ON_GOAL, CORNER_KICKS,
OFFSIDES, FOULS_COMMITTED,FOULS_SUSTAINED) VALUES (3, 10, 84, 2, 0, 5, 3, 6, 0, 1, 0);